﻿<?xml version="1.0" encoding="utf-8"?>
<toolbarapplet on_click="onToolbarBtnClick" on_load="onToolbarLoad" buttonstyle="windows" buttonsize="26,25">
	<toolbar id="toolbar">
		<button image="../images/ViewItem.svg" id="details_view" tooltip="Details" state="0" disabled="true">Details</button>
		<button image="../images/Edit.svg" id="icons_view" tooltip="Icons" state="0" disabled="true">Icons</button>
		<separator/>
		<button image="../images/Checkmark.svg" id="ready_btn" tooltip="Return Selected"/>
		<button image="../images/Delete.svg" id="set_nothing" tooltip="Clear Selection"/>
	</toolbar>
</toolbarapplet>
