﻿<?xml version="1.0" encoding="utf-8"?>
<toolbarapplet on_click="onClickItem" on_load="onToolbarLoad" on_menu_show="onToolbarMenuShow" on_menu_click="onToolbarMenuClickItem" buttonstyle="windows" buttonsize="26,25">
	<toolbar id="item">
		<button image="../images/Print.svg" id="print_item" tooltip="Print Item" text="Print"/>
		<button image="../images/PrintPreview.svg" id="print_preview" tooltip="Print Preview..." text="Print Preview..."/>
	</toolbar>
	<toolbar id="itemsGrid">
		<button image="../images/Print.svg" id="print_itemsGrid" tooltip="Print Table" text="Print" />
		<button image="../images/PrintPreview.svg" id="print_preview" tooltip="Print Preview..." text="Print Preview..."/>
		<drop_down_button image="../images/Component.svg" id="setup_itemsGrid" tooltip="Setup Options" text="Options" />
	</toolbar>
</toolbarapplet>
