﻿<?xml version="1.0" encoding="UTF-8"?>
<template>
  <html><![CDATA[<!DOCTYPE HTML>
<html>
	<head>
		<style type="text/css">
			@import "javascript/include.aspx?classes=common.css";
			@import "styles/default.css";
			body
			{
				background-color: #ffffff;
				padding: 0px;
				margin: 0px;
				width: 100%;
				height: 100%;
			}
			/* **************** @notification form **************** */
			.notification_ok_btn, .notification_exit_btn {
				margin: 15px;
			}
			div {
				padding: 0px;
				margin: 0px;
			}
			#notification_title {
				height: 20%;
				width: 100%;
				text-align: center;
			}
			#notification_title a{
				font-size: 18px !important;
			}
			.text {
				width: 90%; 
				word-wrap: break-word; 
				overflow: auto; 
				padding-left: 5%;
				padding-right: 5%;
				text-align: center;
				height: 75%;
			}
			/* **************** @notification form **************** */
		</style>
		<title>{TITLE}</title>
	</head>
	<body>
		<div style="position: fixed; top: 0px; height: 80%; width: 100%; overflow: hidden;">
			<img id="message_icon" src="{ICON}" style="position: absolute; top: 15px; left: 15px; max-width: 32px; max-height: 32px; width: auto; height: auto;" alt="message icon" />
			<div id="notification_title">
			</div>
			<div class="text">
				{TEXT}
			</div>
		</div>
		<div id="btns" style="position: fixed; height: 20%; top: 80%; width: 100%">
			<hr style="margin-left: 10px; margin-right: 10px;"/>
		</div>
	</body>
</html>]]>
  </html>
  <dialog_width>600</dialog_width>
  <dialog_height>400</dialog_height>
</template>