﻿<?xml version="1.0" encoding="utf-8"?>
<toolbarapplet buttonsize      = "26,25">
  <toolbar id="swtoolbar">
    <button text="展开" id="expand_all" image="../images/ExpandAll.svg" tooltip="全部展开" />
    <button text="折叠" id="collapse_all" image="../images/CollapseAll.svg" tooltip="全部折叠" />
    <separator/>
    <button text="其它版本比较" id="side_to_other_version" image="../images/ViewRevisions.svg" tooltip="其它版本比较" />
    <button text="其它对象比较" id="side_to_other_itemType" image="../images/ViewItem.svg" tooltip="其它对象比较" />
    <separator/>
    <button text="比较差异" id="highlight" image="../images/RedlineView.svg" tooltip="比较差异" disabled="true"/>
    <separator/>
		<!--<button state="0" image="../imagesLegacy/layout0.gif" id="ly0" />
		<button state="0" image="../imagesLegacy/layout1.gif" id="ly1" />
		<button state="0" image="../imagesLegacy/layout2.gif" id="ly2" />
		<button state="0" image="../imagesLegacy/layout3.gif" id="ly3" />
		<button state="0" image="../imagesLegacy/layout4.gif" id="ly4" />
		<button state="0" image="../imagesLegacy/layout5.gif" id="ly5" />
		<button state="0" image="../imagesLegacy/layout6.gif" id="ly6" />
		<button state="0" image="../imagesLegacy/layout7.gif" id="ly7" />
		<button state="0" image="../imagesLegacy/layout8.gif" id="ly8" />
		<button state="0" image="../imagesLegacy/layout9.gif" id="ly9" />
		<button state="0" image="../imagesLegacy/layout10.gif" id="ly10" />
		<button state="0" image="../imagesLegacy/layout11.gif" id="ly11" />-->
	</toolbar>
</toolbarapplet>
