﻿<?xml version="1.0" encoding="utf-8"?>
<toolbarapplet on_load="onToolbarAppletLoad" on_click="onBtnClick" buttonstyle="windows" buttonsize="26,25">
	<toolbar id="tb1">
		<button image="../images/ExecuteSearch.svg" id="update" tooltip="刷新">刷新</button>
		<button image="../images/ClearSearchCriteria.svg" id="newsearch" tooltip="清除搜索条件">清除条件</button>
		<button disabled="false" image="../images/SelectAll.svg" id="select_all" tooltip="全选">全选</button>
		<button image="../images/Delete.svg" id="terminate" tooltip="结束使用者登录">结束</button>
	</toolbar>
</toolbarapplet>
