<?xml version="1.0"?>
<doc>
    <assembly>
        <name>ConsoleUpgrade</name>
    </assembly>
    <members>
        <member name="T:Aras.Tools.SolutionUpgrade.ConsoleUpgrade.ConsoleUpgrade">
            <summary>
            Implements console import\export.
            </summary>
        </member>
        <member name="M:Aras.Tools.SolutionUpgrade.ConsoleUpgrade.ConsoleUpgrade.Main(System.String[])">
            <summary>
            The main entry point for the application.
            </summary>
        </member>
        <member name="T:Aras.Tools.SolutionUpgrade.ConsoleUpgrade.CurrentPackageMessage">
             <summary>
            
             </summary>
        </member>
        <member name="M:Aras.Tools.SolutionUpgrade.ConsoleUpgrade.CurrentPackageMessage.Execute">
             <summary>
            
             </summary>
             <returns></returns>
        </member>
        <member name="T:Aras.Tools.SolutionUpgrade.ConsoleUpgrade.ErrorMessage">
             <summary>
            
             </summary>
        </member>
        <member name="M:Aras.Tools.SolutionUpgrade.ConsoleUpgrade.ErrorMessage.Execute">
             <summary>
            
             </summary>
             <returns></returns>
        </member>
        <member name="T:Aras.Tools.SolutionUpgrade.ConsoleUpgrade.MessagesFactory">
             <summary>
            
             </summary>
        </member>
        <member name="M:Aras.Tools.SolutionUpgrade.ConsoleUpgrade.MessagesFactory.GetErrorMessage">
             <summary>
            
             </summary>
             <returns></returns>
        </member>
        <member name="M:Aras.Tools.SolutionUpgrade.ConsoleUpgrade.MessagesFactory.GetErrorMessageQuestion">
             <summary>
            
             </summary>
             <returns></returns>
        </member>
        <member name="M:Aras.Tools.SolutionUpgrade.ConsoleUpgrade.MessagesFactory.GetWarningMessage">
             <summary>
            
             </summary>
             <returns></returns>
        </member>
        <member name="M:Aras.Tools.SolutionUpgrade.ConsoleUpgrade.MessagesFactory.GetStatusMessage">
             <summary>
            
             </summary>
             <returns></returns>
        </member>
        <member name="M:Aras.Tools.SolutionUpgrade.ConsoleUpgrade.MessagesFactory.GetCurrentPackageMessage">
             <summary>
            
             </summary>
             <returns></returns>
        </member>
        <member name="T:Aras.Tools.SolutionUpgrade.ConsoleUpgrade.StatusMessage">
             <summary>
            
             </summary>
        </member>
        <member name="M:Aras.Tools.SolutionUpgrade.ConsoleUpgrade.StatusMessage.Execute">
             <summary>
            
             </summary>
             <returns></returns>
        </member>
        <member name="T:Aras.Tools.SolutionUpgrade.ConsoleUpgrade.WarningMessage">
             <summary>
            
             </summary>
        </member>
        <member name="M:Aras.Tools.SolutionUpgrade.ConsoleUpgrade.WarningMessage.Execute">
             <summary>
            
             </summary>
             <returns></returns>
        </member>
        <member name="T:Aras.Tools.SolutionUpgrade.ConsoleUpgrade.Resources">
            <summary>
              A strongly-typed resource class, for looking up localized strings, etc.
            </summary>
        </member>
        <member name="P:Aras.Tools.SolutionUpgrade.ConsoleUpgrade.Resources.ResourceManager">
            <summary>
              Returns the cached ResourceManager instance used by this class.
            </summary>
        </member>
        <member name="P:Aras.Tools.SolutionUpgrade.ConsoleUpgrade.Resources.Culture">
            <summary>
              Overrides the current thread's CurrentUICulture property for all
              resource lookups using this strongly typed resource class.
            </summary>
        </member>
        <member name="P:Aras.Tools.SolutionUpgrade.ConsoleUpgrade.Resources.ConsoleUpgrade_Error">
            <summary>
              Looks up a localized string similar to Error: {0}.
            </summary>
        </member>
        <member name="P:Aras.Tools.SolutionUpgrade.ConsoleUpgrade.Resources.ConsoleUpgrade_InitLogDirectory_">
             <summary>
               Looks up a localized string similar to 
                ****ErrorMessage****
            .
             </summary>
        </member>
        <member name="P:Aras.Tools.SolutionUpgrade.ConsoleUpgrade.Resources.ConsoleUpgrade_ParseArguments_">
            <summary>
              Looks up a localized string similar to unrecognized option .
            </summary>
        </member>
        <member name="P:Aras.Tools.SolutionUpgrade.ConsoleUpgrade.Resources.ConsoleUpgrade_UnableToInitLogDirectory_">
            <summary>
              Looks up a localized string similar to  Unable to init log file
               ********************.
            </summary>
        </member>
    </members>
</doc>
