﻿<?xml version="1.0" encoding="utf-8"?>
<toolbarapplet on_load="onToolbarAppletLoad" on_click="onClickItem" buttonstyle="windows" buttonsize="26,25">
	<toolbar id="toolbar">
		<button image="../Modules/aras.innovator.QueryBuilder/images/OperatorAND.svg" id="operatorAND" tooltip="AND">AND</button>
		<button image="../Modules/aras.innovator.QueryBuilder/images/OperatorOR.svg" id="operatorOR" tooltip="OR">OR</button>
		<button image="../Modules/aras.innovator.QueryBuilder/images/OperatorNOT.svg" id="operatorNOT" tooltip="NOT">NOT</button>
		<separator />
		<button image="../images/Delete.svg" id="remove" tooltip="Remove" disabled="true">Remove</button>
	</toolbar>
</toolbarapplet>
