﻿<export>
 <Item type="Workflow Map" keyed_name="Simple Change" config_id="2482A63E43BD4E8784DA4D7350F2ACDF">
  <property __name="description" en="Workflow for Simple ECOs and MCOs" zc="简单工程变更单(ECOs)与制造变更单(MCOs)工作流" />
 </Item>
 <Item type="Workflow Map" keyed_name="PE_Deviation" config_id="3473F755D9D74B33BFF93D32164FABB7">
  <property __name="description" en="PE - Deviation Workflow" zc="产品工程偏差工作流" />
 </Item>
 <Item type="Workflow Map" keyed_name="ECN" config_id="48B8C3644AA34B7A9A310DB09815003D">
  <property __name="description" en="ECN Workflow" zc="工程变更通知单(ECN)工作流" />
 </Item>
 <Item type="Workflow Map" keyed_name="PE_Waiver" config_id="5A761D5B2C014C949A2AA74F950FB282">
  <property __name="description" en="PE - Waiver Workflow" zc="产品工程特许工作流" />
 </Item>
 <Item type="Workflow Map" keyed_name="Express DCO" config_id="6CCB9DB9829E4B8993D5881F427854C0">
  <property __name="description" en="Express DCO Workflow" zc="快速文件变更单(DCO)工作流" />
  <property __name="label" en="Express DCO" zc="快速文件变更单(DCO)" />
 </Item>
 <Item type="Workflow Map" keyed_name="ECR" config_id="7408BB5F5D974E758690B29694C544B6">
  <property __name="description" en="Enterprise Change Request" zc="企业变更请求(ECR)" />
 </Item>
 <Item type="Workflow Map" keyed_name="Express ECO" config_id="B0AB68FF8F014E379D17F0C1A426AD25">
  <property __name="description" en="Express ECO Workflow" zc="快速工程变更单(ECO)工作流" />
  <property __name="label" en="ECO" zc="工程变更单(ECO)" />
 </Item>
 <Item type="Workflow Map" keyed_name="PR" config_id="B264D9B4BDCB4E2DBD79E06E465568C7">
  <property __name="description" en="Problem Report Workflow" zc="问题报告工作流" />
 </Item>
 <Item type="Workflow Map" keyed_name="Express EDR" config_id="D159EB0E227040B8958A891AB706F90D">
  <property __name="description" en="Express EDR Workflow" zc="快速工程设计评审(EDR)工作流" />
  <property __name="label" en="Express EDR" zc="快速工程设计评审(EDR)" />
 </Item>
 <Item type="Workflow Map" keyed_name="PE_Rework Order" config_id="E74422B0BD0A46E6BF78AFE0A71FE03C">
  <property __name="description" en="PE - Rework Workflow" zc="产品工程返工工作流" />
 </Item>
</export>